target_pool_id,target_cif_id,target_source,target_density,target_metal_fraction,space,rank,neighbour_pool_id,neighbour_cif_id,neighbour_source,neighbour_density,neighbour_metal_fraction,delta_density
qmof__ABEXUC_FSR,ABEXUC_FSR,qmof,0.1101022929787394,0.0444444444444444,proxy_kNN (baseline),1,qmof__core_FATKES_freeONLY,core_FATKES_freeONLY,qmof,0.1090898140190581,0.0408163265306122,-0.0010124789596813039
qmof__ABEXUC_FSR,ABEXUC_FSR,qmof,0.1101022929787394,0.0444444444444444,proxy_kNN (baseline),2,qmof__PEKHEU_FSR,PEKHEU_FSR,qmof,0.1069006533401286,0.0408163265306122,-0.0032016396386107954
qmof__ABEXUC_FSR,ABEXUC_FSR,qmof,0.1101022929787394,0.0444444444444444,proxy_kNN (baseline),3,coremof__FATKOC_clean,FATKOC_clean,coremof,0.1059964404895304,0.05,-0.004105852489209
qmof__ABEXUC_FSR,ABEXUC_FSR,qmof,0.1101022929787394,0.0444444444444444,proxy_kNN (baseline),4,coremof__COYTUG_clean,COYTUG_clean,coremof,0.1049441985067141,0.0454545454545454,-0.005158094472025296
qmof__ABEXUC_FSR,ABEXUC_FSR,qmof,0.1101022929787394,0.0444444444444444,proxy_kNN (baseline),5,coremof__CAMROA_clean,CAMROA_clean,coremof,0.1091473050731749,0.048780487804878,-0.0009549879055645027
qmof__ABEXUC_FSR,ABEXUC_FSR,qmof,0.1101022929787394,0.0444444444444444,random_kNN (baseline),1,hmof__lim+N193+N25+E167+E168,lim+N193+N25+E167+E168,hmof,0.1463350337003796,0.0051546391752577,0.03623274072164019
qmof__ABEXUC_FSR,ABEXUC_FSR,qmof,0.1101022929787394,0.0444444444444444,random_kNN (baseline),2,hmof__dmp+N32+E153,dmp+N32+E153,hmof,0.0555561152892549,0.0204081632653061,-0.0545461776894845
qmof__ABEXUC_FSR,ABEXUC_FSR,qmof,0.1101022929787394,0.0444444444444444,random_kNN (baseline),3,qmof__RORVOM_FSR,RORVOM_FSR,qmof,0.0979214082438303,0.0434782608695652,-0.012180884734909095
qmof__ABEXUC_FSR,ABEXUC_FSR,qmof,0.1101022929787394,0.0444444444444444,random_kNN (baseline),4,hmof__wli+N482+E13,wli+N482+E13,hmof,0.0676533110995297,0.0579710144927536,-0.0424489818792097
qmof__ABEXUC_FSR,ABEXUC_FSR,qmof,0.1101022929787394,0.0444444444444444,random_kNN (baseline),5,hmof__smm+N678+E73,smm+N678+E73,hmof,0.1892052037401491,0.0103092783505154,0.0791029107614097
qmof__ABEXUC_FSR,ABEXUC_FSR,qmof,0.1101022929787394,0.0444444444444444,latent (cls),1,qmof__CILDAD_FSR,CILDAD_FSR,qmof,0.0923795861095093,0.0588235294117647,-0.017722706869230095
qmof__ABEXUC_FSR,ABEXUC_FSR,qmof,0.1101022929787394,0.0444444444444444,latent (cls),2,qmof__OTEPAF_FSR,OTEPAF_FSR,qmof,0.0508972303004023,0.0454545454545454,-0.0592050626783371
qmof__ABEXUC_FSR,ABEXUC_FSR,qmof,0.1101022929787394,0.0444444444444444,latent (cls),3,qmof__VORBUA_FSR,VORBUA_FSR,qmof,0.0431073420032695,0.0416666666666666,-0.0669949509754699
qmof__ABEXUC_FSR,ABEXUC_FSR,qmof,0.1101022929787394,0.0444444444444444,latent (cls),4,qmof__JESXEL_FSR,JESXEL_FSR,qmof,0.0557159567250835,0.0555555555555555,-0.0543863362536559
qmof__ABEXUC_FSR,ABEXUC_FSR,qmof,0.1101022929787394,0.0444444444444444,latent (cls),5,coremof__NIMVEL_clean,NIMVEL_clean,coremof,0.0891169727022433,0.0588235294117647,-0.020985320276496106
qmof__ABEXUC_FSR,ABEXUC_FSR,qmof,0.1101022929787394,0.0444444444444444,latent (raw_cls),1,coremof__DOQHAT_clean,DOQHAT_clean,coremof,0.0512786323895743,0.0625,-0.0588236605891651
qmof__ABEXUC_FSR,ABEXUC_FSR,qmof,0.1101022929787394,0.0444444444444444,latent (raw_cls),2,coremof__DOQHIB_clean,DOQHIB_clean,coremof,0.0527003437251295,0.0625,-0.0574019492536099
qmof__ABEXUC_FSR,ABEXUC_FSR,qmof,0.1101022929787394,0.0444444444444444,latent (raw_cls),3,qmof__CILDAD_FSR,CILDAD_FSR,qmof,0.0923795861095093,0.0588235294117647,-0.017722706869230095
qmof__ABEXUC_FSR,ABEXUC_FSR,qmof,0.1101022929787394,0.0444444444444444,latent (raw_cls),4,qmof__OTEPAF_FSR,OTEPAF_FSR,qmof,0.0508972303004023,0.0454545454545454,-0.0592050626783371
qmof__ABEXUC_FSR,ABEXUC_FSR,qmof,0.1101022929787394,0.0444444444444444,latent (raw_cls),5,coremof__NIMVEL_clean,NIMVEL_clean,coremof,0.0891169727022433,0.0588235294117647,-0.020985320276496106
qmof__ABEXUC_FSR,ABEXUC_FSR,qmof,0.1101022929787394,0.0444444444444444,latent (concat),1,qmof__MOCHUI_FSR,MOCHUI_FSR,qmof,0.0297305095216528,0.0833333333333333,-0.08037178345708659
qmof__ABEXUC_FSR,ABEXUC_FSR,qmof,0.1101022929787394,0.0444444444444444,latent (concat),2,coremof__DOHYIJ01_clean,DOHYIJ01_clean,coremof,0.0664034129544036,0.0588235294117647,-0.04369888002433579
qmof__ABEXUC_FSR,ABEXUC_FSR,qmof,0.1101022929787394,0.0444444444444444,latent (concat),3,qmof__MOCHIW_FSR,MOCHIW_FSR,qmof,0.026697411299274,0.0833333333333333,-0.0834048816794654
qmof__ABEXUC_FSR,ABEXUC_FSR,qmof,0.1101022929787394,0.0444444444444444,latent (concat),4,coremof__XOFTOC_clean,XOFTOC_clean,coremof,0.124211199746399,0.0849056603773584,0.014108906767659607
qmof__ABEXUC_FSR,ABEXUC_FSR,qmof,0.1101022929787394,0.0444444444444444,latent (concat),5,coremof__XOFTIW_clean,XOFTIW_clean,coremof,0.1219044441138025,0.0849056603773584,0.011802151135063096
qmof__ABIFAT01_FSR,ABIFAT01_FSR,qmof,0.0279390415420984,0.0232558139534883,proxy_kNN (baseline),1,qmof__boydwoo_str_m3_o22_o27_pcu_sym_131,boydwoo_str_m3_o22_o27_pcu_sym_131,qmof,0.0299995727679493,0.0232558139534883,0.0020605312258509013
qmof__ABIFAT01_FSR,ABIFAT01_FSR,qmof,0.0279390415420984,0.0232558139534883,proxy_kNN (baseline),2,qmof__NATYUF_FSR,NATYUF_FSR,qmof,0.0284007568419821,0.0232558139534883,0.00046171529988370263
qmof__ABIFAT01_FSR,ABIFAT01_FSR,qmof,0.0279390415420984,0.0232558139534883,proxy_kNN (baseline),3,qmof__YEGYAM_FSR,YEGYAM_FSR,qmof,0.0322366192623388,0.0222222222222222,0.004297577720240399
qmof__ABIFAT01_FSR,ABIFAT01_FSR,qmof,0.0279390415420984,0.0232558139534883,proxy_kNN (baseline),4,qmof__OCIBEK_FSR,OCIBEK_FSR,qmof,0.0335108318917371,0.0217391304347826,0.0055717903496387
qmof__ABIFAT01_FSR,ABIFAT01_FSR,qmof,0.0279390415420984,0.0232558139534883,proxy_kNN (baseline),5,qmof__CUYSAR_FSR,CUYSAR_FSR,qmof,0.0265695909440127,0.0263157894736842,-0.0013694505980857002
qmof__ABIFAT01_FSR,ABIFAT01_FSR,qmof,0.0279390415420984,0.0232558139534883,random_kNN (baseline),1,hmof__bbg+N238+N99+E138+E21,bbg+N238+N99+E138+E21,hmof,0.1807731043681247,0.0046948356807511,0.1528340628260263
qmof__ABIFAT01_FSR,ABIFAT01_FSR,qmof,0.0279390415420984,0.0232558139534883,random_kNN (baseline),2,hmof__hwx+N198+N79+E128,hwx+N198+N79+E128,hmof,0.1478980576997819,0.0153061224489795,0.1199590161576835
qmof__ABIFAT01_FSR,ABIFAT01_FSR,qmof,0.0279390415420984,0.0232558139534883,random_kNN (baseline),3,qmof__FIQYOV01_FSR,FIQYOV01_FSR,qmof,0.0520071011906903,0.0303030303030303,0.024068059648591898
qmof__ABIFAT01_FSR,ABIFAT01_FSR,qmof,0.0279390415420984,0.0232558139534883,random_kNN (baseline),4,hmof__tty+N326+N695+E215+E188,tty+N326+N695+E215+E188,hmof,0.0943513448065802,0.0109890109890109,0.0664123032644818
qmof__ABIFAT01_FSR,ABIFAT01_FSR,qmof,0.0279390415420984,0.0232558139534883,random_kNN (baseline),5,coremof__LAGWUN_clean,LAGWUN_clean,coremof,0.1227106667044211,0.0952380952380952,0.09477162516232271
qmof__ABIFAT01_FSR,ABIFAT01_FSR,qmof,0.0279390415420984,0.0232558139534883,latent (cls),1,qmof__MEYFEB_FSR,MEYFEB_FSR,qmof,0.0516924023974207,0.05,0.0237533608553223
qmof__ABIFAT01_FSR,ABIFAT01_FSR,qmof,0.0279390415420984,0.0232558139534883,latent (cls),2,qmof__ISUDIJ_FSR,ISUDIJ_FSR,qmof,0.0337302396212123,0.0238095238095238,0.0057911980791139
qmof__ABIFAT01_FSR,ABIFAT01_FSR,qmof,0.0279390415420984,0.0232558139534883,latent (cls),3,qmof__OVEGUS_FSR,OVEGUS_FSR,qmof,0.0381696980563779,0.0196078431372549,0.010230656514279499
qmof__ABIFAT01_FSR,ABIFAT01_FSR,qmof,0.0279390415420984,0.0232558139534883,latent (cls),4,qmof__LOPNOT_FSR,LOPNOT_FSR,qmof,0.0306356367631694,0.0212765957446808,0.0026965952210710013
qmof__ABIFAT01_FSR,ABIFAT01_FSR,qmof,0.0279390415420984,0.0232558139534883,latent (cls),5,qmof__PELTOQ_FSR,PELTOQ_FSR,qmof,0.0456432758973558,0.0454545454545454,0.0177042343552574
qmof__ABIFAT01_FSR,ABIFAT01_FSR,qmof,0.0279390415420984,0.0232558139534883,latent (raw_cls),1,qmof__YIJLOV_FSR,YIJLOV_FSR,qmof,0.0275390419530742,0.0217391304347826,-0.00039999958902419905
qmof__ABIFAT01_FSR,ABIFAT01_FSR,qmof,0.0279390415420984,0.0232558139534883,latent (raw_cls),2,qmof__PELTOQ_FSR,PELTOQ_FSR,qmof,0.0456432758973558,0.0454545454545454,0.0177042343552574
qmof__ABIFAT01_FSR,ABIFAT01_FSR,qmof,0.0279390415420984,0.0232558139534883,latent (raw_cls),3,qmof__ISUDIJ_FSR,ISUDIJ_FSR,qmof,0.0337302396212123,0.0238095238095238,0.0057911980791139
qmof__ABIFAT01_FSR,ABIFAT01_FSR,qmof,0.0279390415420984,0.0232558139534883,latent (raw_cls),4,qmof__OVEGUS_FSR,OVEGUS_FSR,qmof,0.0381696980563779,0.0196078431372549,0.010230656514279499
qmof__ABIFAT01_FSR,ABIFAT01_FSR,qmof,0.0279390415420984,0.0232558139534883,latent (raw_cls),5,qmof__LOPNOT_FSR,LOPNOT_FSR,qmof,0.0306356367631694,0.0212765957446808,0.0026965952210710013
qmof__ABIFAT01_FSR,ABIFAT01_FSR,qmof,0.0279390415420984,0.0232558139534883,latent (concat),1,qmof__KIBNIU_FSR,KIBNIU_FSR,qmof,0.0549426044521418,0.0344827586206896,0.027003562910043404
qmof__ABIFAT01_FSR,ABIFAT01_FSR,qmof,0.0279390415420984,0.0232558139534883,latent (concat),2,qmof__JOFKOF_FSR,JOFKOF_FSR,qmof,0.0408601801233232,0.0166666666666666,0.012921138581224803
qmof__ABIFAT01_FSR,ABIFAT01_FSR,qmof,0.0279390415420984,0.0232558139534883,latent (concat),3,qmof__YIJLOV_FSR,YIJLOV_FSR,qmof,0.0275390419530742,0.0217391304347826,-0.00039999958902419905
qmof__ABIFAT01_FSR,ABIFAT01_FSR,qmof,0.0279390415420984,0.0232558139534883,latent (concat),4,qmof__GUWGUB_FSR,GUWGUB_FSR,qmof,0.0494602774958863,0.0163934426229508,0.021521235953787902
qmof__ABIFAT01_FSR,ABIFAT01_FSR,qmof,0.0279390415420984,0.0232558139534883,latent (concat),5,qmof__NAGDEH_FSR,NAGDEH_FSR,qmof,0.0436394832910043,0.0163934426229508,0.015700441748905898
qmof__ABOTUJ_FSR,ABOTUJ_FSR,qmof,0.0365870889787397,0.0454545454545454,proxy_kNN (baseline),1,qmof__TAHDUD_FSR,TAHDUD_FSR,qmof,0.0359851669578759,0.0454545454545454,-0.0006019220208637946
qmof__ABOTUJ_FSR,ABOTUJ_FSR,qmof,0.0365870889787397,0.0454545454545454,proxy_kNN (baseline),2,qmof__MGPHCU_FSR,MGPHCU_FSR,qmof,0.035504486667621,0.0434782608695652,-0.0010826023111186953
qmof__ABOTUJ_FSR,ABOTUJ_FSR,qmof,0.0365870889787397,0.0454545454545454,proxy_kNN (baseline),3,qmof__HUPZAV_FSR,HUPZAV_FSR,qmof,0.0421386664536112,0.0476190476190476,0.005551577474871505
qmof__ABOTUJ_FSR,ABOTUJ_FSR,qmof,0.0365870889787397,0.0454545454545454,proxy_kNN (baseline),4,qmof__XEKYUI01_FSR,XEKYUI01_FSR,qmof,0.0451032435033959,0.0444444444444444,0.008516154524656205
qmof__ABOTUJ_FSR,ABOTUJ_FSR,qmof,0.0365870889787397,0.0454545454545454,proxy_kNN (baseline),5,qmof__NOQCAZ_FSR,NOQCAZ_FSR,qmof,0.0336521605255003,0.0434782608695652,-0.0029349284532393938
qmof__ABOTUJ_FSR,ABOTUJ_FSR,qmof,0.0365870889787397,0.0454545454545454,random_kNN (baseline),1,qmof__IFIFAF_FSR,IFIFAF_FSR,qmof,0.0443542349159696,0.0454545454545454,0.007767145937229901
qmof__ABOTUJ_FSR,ABOTUJ_FSR,qmof,0.0365870889787397,0.0454545454545454,random_kNN (baseline),2,qmof__boydwoo_str_m7_Zn_o1_o11_bcu_sym_174,boydwoo_str_m7_Zn_o1_o11_bcu_sym_174,qmof,0.0275923303201873,0.0363636363636363,-0.008994758658552399
qmof__ABOTUJ_FSR,ABOTUJ_FSR,qmof,0.0365870889787397,0.0454545454545454,random_kNN (baseline),3,hmof__acs+N354+E66,acs+N354+E66,hmof,0.076538868200462,0.075,0.03995177922172231
qmof__ABOTUJ_FSR,ABOTUJ_FSR,qmof,0.0365870889787397,0.0454545454545454,random_kNN (baseline),4,hmof__pto-d+N666+N255+E24+E10,pto-d+N666+N255+E24+E10,hmof,0.2100190927566022,0.0094786729857819,0.1734320037778625
qmof__ABOTUJ_FSR,ABOTUJ_FSR,qmof,0.0365870889787397,0.0454545454545454,random_kNN (baseline),5,coremof__EPEWEC_clean,EPEWEC_clean,coremof,0.0706612272395606,0.0344827586206896,0.0340741382608209
qmof__ABOTUJ_FSR,ABOTUJ_FSR,qmof,0.0365870889787397,0.0454545454545454,latent (cls),1,qmof__CUYDAC_FSR,CUYDAC_FSR,qmof,0.0353804324373181,0.0232558139534883,-0.0012066565414215955
qmof__ABOTUJ_FSR,ABOTUJ_FSR,qmof,0.0365870889787397,0.0454545454545454,latent (cls),2,qmof__GEVJAT_FSR,GEVJAT_FSR,qmof,0.0504461237538288,0.0344827586206896,0.013859034775089103
qmof__ABOTUJ_FSR,ABOTUJ_FSR,qmof,0.0365870889787397,0.0454545454545454,latent (cls),3,qmof__XIVKES_FSR,XIVKES_FSR,qmof,0.0476420545730755,0.0714285714285714,0.011054965594335803
qmof__ABOTUJ_FSR,ABOTUJ_FSR,qmof,0.0365870889787397,0.0454545454545454,latent (cls),4,qmof__POQNOA_FSR,POQNOA_FSR,qmof,0.0485843881980942,0.04,0.011997299219354503
qmof__ABOTUJ_FSR,ABOTUJ_FSR,qmof,0.0365870889787397,0.0454545454545454,latent (cls),5,qmof__LEHKAM_FSR,LEHKAM_FSR,qmof,0.0485410724494033,0.0384615384615384,0.0119539834706636
qmof__ABOTUJ_FSR,ABOTUJ_FSR,qmof,0.0365870889787397,0.0454545454545454,latent (raw_cls),1,qmof__GEVJAT_FSR,GEVJAT_FSR,qmof,0.0504461237538288,0.0344827586206896,0.013859034775089103
qmof__ABOTUJ_FSR,ABOTUJ_FSR,qmof,0.0365870889787397,0.0454545454545454,latent (raw_cls),2,qmof__XIVKES_FSR,XIVKES_FSR,qmof,0.0476420545730755,0.0714285714285714,0.011054965594335803
qmof__ABOTUJ_FSR,ABOTUJ_FSR,qmof,0.0365870889787397,0.0454545454545454,latent (raw_cls),3,qmof__CUYDAC_FSR,CUYDAC_FSR,qmof,0.0353804324373181,0.0232558139534883,-0.0012066565414215955
qmof__ABOTUJ_FSR,ABOTUJ_FSR,qmof,0.0365870889787397,0.0454545454545454,latent (raw_cls),4,qmof__PIZKUG_FSR,PIZKUG_FSR,qmof,0.0243227573541096,0.0566037735849056,-0.012264331624630097
qmof__ABOTUJ_FSR,ABOTUJ_FSR,qmof,0.0365870889787397,0.0454545454545454,latent (raw_cls),5,qmof__WOPJIW_FSR,WOPJIW_FSR,qmof,0.0423329005606706,0.0476190476190476,0.005745811581930903
qmof__ABOTUJ_FSR,ABOTUJ_FSR,qmof,0.0365870889787397,0.0454545454545454,latent (concat),1,qmof__HUFJUN_FSR,HUFJUN_FSR,qmof,0.0226471375644987,0.0416666666666666,-0.013939951414240998
qmof__ABOTUJ_FSR,ABOTUJ_FSR,qmof,0.0365870889787397,0.0454545454545454,latent (concat),2,qmof__CENSOD_FSR,CENSOD_FSR,qmof,0.0870620721878395,0.0555555555555555,0.0504749832090998
qmof__ABOTUJ_FSR,ABOTUJ_FSR,qmof,0.0365870889787397,0.0454545454545454,latent (concat),3,qmof__WIGDOF_FSR,WIGDOF_FSR,qmof,0.0388109140985626,0.0545454545454545,0.0022238251198229003
qmof__ABOTUJ_FSR,ABOTUJ_FSR,qmof,0.0365870889787397,0.0454545454545454,latent (concat),4,qmof__JESXEL_FSR,JESXEL_FSR,qmof,0.0557159567250835,0.0555555555555555,0.0191288677463438
qmof__ABOTUJ_FSR,ABOTUJ_FSR,qmof,0.0365870889787397,0.0454545454545454,latent (concat),5,qmof__NAZWUI_FSR,NAZWUI_FSR,qmof,0.0530653514056434,0.0555555555555555,0.0164782624269037
qmof__ABXALA01_FSR,ABXALA01_FSR,qmof,0.0490578132606968,0.0338983050847457,proxy_kNN (baseline),1,qmof__QAXKUW01_FSR,QAXKUW01_FSR,qmof,0.0487586506660188,0.0333333333333333,-0.00029916259467799994
qmof__ABXALA01_FSR,ABXALA01_FSR,qmof,0.0490578132606968,0.0338983050847457,proxy_kNN (baseline),2,qmof__FELXIE_FSR,FELXIE_FSR,qmof,0.049849860373692,0.0333333333333333,0.0007920471129951936
qmof__ABXALA01_FSR,ABXALA01_FSR,qmof,0.0490578132606968,0.0338983050847457,proxy_kNN (baseline),3,qmof__PIWDEF_FSR,PIWDEF_FSR,qmof,0.0501985601310128,0.0333333333333333,0.0011407468703159979
qmof__ABXALA01_FSR,ABXALA01_FSR,qmof,0.0490578132606968,0.0338983050847457,proxy_kNN (baseline),4,qmof__SANHIY_FSR,SANHIY_FSR,qmof,0.0516643177800619,0.0344827586206896,0.002606504519365095
qmof__ABXALA01_FSR,ABXALA01_FSR,qmof,0.0490578132606968,0.0338983050847457,proxy_kNN (baseline),5,qmof__AHAVOV_FSR,AHAVOV_FSR,qmof,0.0553921812080492,0.0333333333333333,0.006334367947352398
qmof__ABXALA01_FSR,ABXALA01_FSR,qmof,0.0490578132606968,0.0338983050847457,random_kNN (baseline),1,coremof__SINXET_charged,SINXET_charged,coremof,0.1435147785972692,0.0476190476190476,0.09445696533657238
qmof__ABXALA01_FSR,ABXALA01_FSR,qmof,0.0490578132606968,0.0338983050847457,random_kNN (baseline),2,qmof__GOGCUB_FSR,GOGCUB_FSR,qmof,0.0322170034496938,0.0344827586206896,-0.016840809811003006
qmof__ABXALA01_FSR,ABXALA01_FSR,qmof,0.0490578132606968,0.0338983050847457,random_kNN (baseline),3,qmof__HOKKOJ_FSR,HOKKOJ_FSR,qmof,0.0550895897649101,0.0277777777777777,0.006031776504213299
qmof__ABXALA01_FSR,ABXALA01_FSR,qmof,0.0490578132606968,0.0338983050847457,random_kNN (baseline),4,qmof__core_WENLAE_manual,core_WENLAE_manual,qmof,0.1002336130063841,0.0192307692307692,0.0511757997456873
qmof__ABXALA01_FSR,ABXALA01_FSR,qmof,0.0490578132606968,0.0338983050847457,random_kNN (baseline),5,coremof__ROLCEC14_clean,ROLCEC14_clean,coremof,0.0349441488224537,0.0769230769230769,-0.014113664438243106
qmof__ABXALA01_FSR,ABXALA01_FSR,qmof,0.0490578132606968,0.0338983050847457,latent (cls),1,qmof__VOKNEO_FSR,VOKNEO_FSR,qmof,0.0264698325171522,0.027027027027027,-0.0225879807435446
qmof__ABXALA01_FSR,ABXALA01_FSR,qmof,0.0490578132606968,0.0338983050847457,latent (cls),2,qmof__DICJUW_FSR,DICJUW_FSR,qmof,0.0599770156956739,0.0384615384615384,0.010919202434977099
qmof__ABXALA01_FSR,ABXALA01_FSR,qmof,0.0490578132606968,0.0338983050847457,latent (cls),3,qmof__AVUJOR_FSR,AVUJOR_FSR,qmof,0.0745661225126116,0.0434782608695652,0.0255083092519148
qmof__ABXALA01_FSR,ABXALA01_FSR,qmof,0.0490578132606968,0.0338983050847457,latent (cls),4,qmof__IFEZOJ_FSR,IFEZOJ_FSR,qmof,0.0430895011990351,0.0232558139534883,-0.0059683120616617
qmof__ABXALA01_FSR,ABXALA01_FSR,qmof,0.0490578132606968,0.0338983050847457,latent (cls),5,qmof__YOQJEV_FSR,YOQJEV_FSR,qmof,0.0435161342701049,0.0144927536231884,-0.0055416789905919014
qmof__ABXALA01_FSR,ABXALA01_FSR,qmof,0.0490578132606968,0.0338983050847457,latent (raw_cls),1,qmof__IFEZOJ_FSR,IFEZOJ_FSR,qmof,0.0430895011990351,0.0232558139534883,-0.0059683120616617
qmof__ABXALA01_FSR,ABXALA01_FSR,qmof,0.0490578132606968,0.0338983050847457,latent (raw_cls),2,qmof__CEJJEJ_FSR,CEJJEJ_FSR,qmof,0.0408661774026863,0.0384615384615384,-0.008191635858010506
qmof__ABXALA01_FSR,ABXALA01_FSR,qmof,0.0490578132606968,0.0338983050847457,latent (raw_cls),3,qmof__DICJUW_FSR,DICJUW_FSR,qmof,0.0599770156956739,0.0384615384615384,0.010919202434977099
qmof__ABXALA01_FSR,ABXALA01_FSR,qmof,0.0490578132606968,0.0338983050847457,latent (raw_cls),4,qmof__KEKHAL_FSR,KEKHAL_FSR,qmof,0.0507375098703027,0.0192307692307692,0.001679696609605895
qmof__ABXALA01_FSR,ABXALA01_FSR,qmof,0.0490578132606968,0.0338983050847457,latent (raw_cls),5,qmof__VOKNEO_FSR,VOKNEO_FSR,qmof,0.0264698325171522,0.027027027027027,-0.0225879807435446
qmof__ABXALA01_FSR,ABXALA01_FSR,qmof,0.0490578132606968,0.0338983050847457,latent (concat),1,qmof__IFEZOJ_FSR,IFEZOJ_FSR,qmof,0.0430895011990351,0.0232558139534883,-0.0059683120616617
qmof__ABXALA01_FSR,ABXALA01_FSR,qmof,0.0490578132606968,0.0338983050847457,latent (concat),2,qmof__DIXKUR_FSR,DIXKUR_FSR,qmof,0.0652347679405699,0.027027027027027,0.016176954679873096
qmof__ABXALA01_FSR,ABXALA01_FSR,qmof,0.0490578132606968,0.0338983050847457,latent (concat),3,qmof__YIMSAQ_FSR,YIMSAQ_FSR,qmof,0.0237125424960953,0.0476190476190476,-0.025345270764601503
qmof__ABXALA01_FSR,ABXALA01_FSR,qmof,0.0490578132606968,0.0338983050847457,latent (concat),4,qmof__XEMLEI_FSR,XEMLEI_FSR,qmof,0.0385672169873358,0.0357142857142857,-0.010490596273361005
qmof__ABXALA01_FSR,ABXALA01_FSR,qmof,0.0490578132606968,0.0338983050847457,latent (concat),5,qmof__IFAWUK_FSR,IFAWUK_FSR,qmof,0.0478854415216164,0.0333333333333333,-0.0011723717390804064
qmof__ACISEM_FSR,ACISEM_FSR,qmof,0.0475817702658337,0.0285714285714285,proxy_kNN (baseline),1,qmof__LUJLIL_FSR,LUJLIL_FSR,qmof,0.0519342164600827,0.0285714285714285,0.004352446194249002
qmof__ACISEM_FSR,ACISEM_FSR,qmof,0.0475817702658337,0.0285714285714285,proxy_kNN (baseline),2,coremof__DEJRUH_clean,DEJRUH_clean,coremof,0.0429347828592202,0.0294117647058823,-0.004646987406613498
qmof__ACISEM_FSR,ACISEM_FSR,qmof,0.0475817702658337,0.0285714285714285,proxy_kNN (baseline),3,qmof__boydwoo_str_m7_Zn_o25_o25_bcu_sym_35,boydwoo_str_m7_Zn_o25_o25_bcu_sym_35,qmof,0.0507811937419941,0.0303030303030303,0.0031994234761604026
qmof__ACISEM_FSR,ACISEM_FSR,qmof,0.0475817702658337,0.0285714285714285,proxy_kNN (baseline),4,qmof__SARTEN_FSR,SARTEN_FSR,qmof,0.0426377951606717,0.0303030303030303,-0.004943975105162
qmof__ACISEM_FSR,ACISEM_FSR,qmof,0.0475817702658337,0.0285714285714285,proxy_kNN (baseline),5,qmof__boydwoo_str_m7_Zn_o8_o25_bcu_sym_151,boydwoo_str_m7_Zn_o8_o25_bcu_sym_151,qmof,0.0445315917543115,0.0279720279720279,-0.0030501785115222
qmof__ACISEM_FSR,ACISEM_FSR,qmof,0.0475817702658337,0.0285714285714285,random_kNN (baseline),1,qmof__LETNEG_FSR,LETNEG_FSR,qmof,0.0582797899492862,0.0147058823529411,0.010698019683452499
qmof__ACISEM_FSR,ACISEM_FSR,qmof,0.0475817702658337,0.0285714285714285,random_kNN (baseline),2,qmof__OHIZIO01_FSR,OHIZIO01_FSR,qmof,0.042946138538945,0.0666666666666666,-0.004635631726888696
qmof__ACISEM_FSR,ACISEM_FSR,qmof,0.0475817702658337,0.0285714285714285,random_kNN (baseline),3,coremof__FIPKOG_clean,FIPKOG_clean,coremof,0.0603299325728688,0.0204081632653061,0.012748162307035099
qmof__ACISEM_FSR,ACISEM_FSR,qmof,0.0475817702658337,0.0285714285714285,random_kNN (baseline),4,qmof__CAXXUW_FSR,CAXXUW_FSR,qmof,0.0330184675756858,0.0454545454545454,-0.014563302690147897
qmof__ACISEM_FSR,ACISEM_FSR,qmof,0.0475817702658337,0.0285714285714285,random_kNN (baseline),5,hmof__ecu+N715+E178,ecu+N715+E178,hmof,0.097567682441917,0.0136986301369863,0.04998591217608331
qmof__ACISEM_FSR,ACISEM_FSR,qmof,0.0475817702658337,0.0285714285714285,latent (cls),1,qmof__BEXBOW_FSR,BEXBOW_FSR,qmof,0.0513869315343845,0.0144927536231884,0.003805161268550801
qmof__ACISEM_FSR,ACISEM_FSR,qmof,0.0475817702658337,0.0285714285714285,latent (cls),2,qmof__DECCOE_FSR,DECCOE_FSR,qmof,0.0243373475798773,0.0136986301369863,-0.023244422685956397
qmof__ACISEM_FSR,ACISEM_FSR,qmof,0.0475817702658337,0.0285714285714285,latent (cls),3,qmof__QUTHET_FSR,QUTHET_FSR,qmof,0.0287375486834971,0.0222222222222222,-0.018844221582336597
qmof__ACISEM_FSR,ACISEM_FSR,qmof,0.0475817702658337,0.0285714285714285,latent (cls),4,qmof__IZABIU_FSR,IZABIU_FSR,qmof,0.036375387284695,0.032258064516129,-0.011206382981138699
qmof__ACISEM_FSR,ACISEM_FSR,qmof,0.0475817702658337,0.0285714285714285,latent (cls),5,qmof__OHAPOD01_FSR,OHAPOD01_FSR,qmof,0.0237805838375895,0.0140845070422535,-0.0238011864282442
qmof__ACISEM_FSR,ACISEM_FSR,qmof,0.0475817702658337,0.0285714285714285,latent (raw_cls),1,qmof__QUTHET_FSR,QUTHET_FSR,qmof,0.0287375486834971,0.0222222222222222,-0.018844221582336597
qmof__ACISEM_FSR,ACISEM_FSR,qmof,0.0475817702658337,0.0285714285714285,latent (raw_cls),2,qmof__DEMVAT_FSR,DEMVAT_FSR,qmof,0.0472851214606578,0.0344827586206896,-0.00029664880517589476
qmof__ACISEM_FSR,ACISEM_FSR,qmof,0.0475817702658337,0.0285714285714285,latent (raw_cls),3,qmof__DECCOE_FSR,DECCOE_FSR,qmof,0.0243373475798773,0.0136986301369863,-0.023244422685956397
qmof__ACISEM_FSR,ACISEM_FSR,qmof,0.0475817702658337,0.0285714285714285,latent (raw_cls),4,qmof__IZABIU_FSR,IZABIU_FSR,qmof,0.036375387284695,0.032258064516129,-0.011206382981138699
qmof__ACISEM_FSR,ACISEM_FSR,qmof,0.0475817702658337,0.0285714285714285,latent (raw_cls),5,qmof__BEXBOW_FSR,BEXBOW_FSR,qmof,0.0513869315343845,0.0144927536231884,0.003805161268550801
qmof__ACISEM_FSR,ACISEM_FSR,qmof,0.0475817702658337,0.0285714285714285,latent (concat),1,qmof__COWKIJ_FSR,COWKIJ_FSR,qmof,0.0485859998846608,0.0158730158730158,0.001004229618827103
qmof__ACISEM_FSR,ACISEM_FSR,qmof,0.0475817702658337,0.0285714285714285,latent (concat),2,qmof__WASPAI_FSR,WASPAI_FSR,qmof,0.033861389984821,0.0222222222222222,-0.013720380281012697
qmof__ACISEM_FSR,ACISEM_FSR,qmof,0.0475817702658337,0.0285714285714285,latent (concat),3,qmof__DECCOE_FSR,DECCOE_FSR,qmof,0.0243373475798773,0.0136986301369863,-0.023244422685956397
qmof__ACISEM_FSR,ACISEM_FSR,qmof,0.0475817702658337,0.0285714285714285,latent (concat),4,qmof__MOHLUR_FSR,MOHLUR_FSR,qmof,0.0338217425488151,0.0217391304347826,-0.013760027717018598
qmof__ACISEM_FSR,ACISEM_FSR,qmof,0.0475817702658337,0.0285714285714285,latent (concat),5,qmof__IZABIU_FSR,IZABIU_FSR,qmof,0.036375387284695,0.032258064516129,-0.011206382981138699
